{
  "Metadata": 0,
  "Permissions": 0,
  "Components": 1.0000000000000053,
  "Endpoints": 0,
  "Channels": 0,
  "Storage Keys": 0,
  "Workflows": 0.5000000000000002,
  "Privacy": 0.31622776601683755,
  "Risks": 0,
  "Code Signals": 2.0000000000000004
}